title,img_url,product_link
"3-Tier Pre-Lit Teal Ceramic Outdoor Fountain, 21""","https://static.athome.com/images/w_200,h_200,c_pad,f_auto,fl_lossy,q_auto/p/124389767/3-tier-pre-lit-teal-ceramic-outdoor-fountain-21.jpg",https://www.athome.com//3-tier-pre-lit-teal-ceramic-outdoor-fountain-21/124389767.html
"Found & Fable Pre-Lit White Buddha Outdoor Fountain, 17.5""","https://static.athome.com/images/w_200,h_200,c_pad,f_auto,fl_lossy,q_auto/p/124368973/found-fable-pre-lit-white-buddha-outdoor-fountain-17.5.jpg",https://www.athome.com//found-fable-pre-lit-white-buddha-outdoor-fountain-17.5/124368973.html
12in Lotus Table Fountain with Light,"https://static.athome.com/images/w_200,h_200,c_pad,f_auto,fl_lossy,q_auto/p/125000815/12in-lotus-table-fountain-with-light.jpg",https://www.athome.com//12in-lotus-table-fountain-with-light/125000815.html
"Crosby St. Prelit Ceramic Black Fountain, 12""","https://static.athome.com/images/w_200,h_200,c_pad,f_auto,fl_lossy,q_auto/p/124389775/crosby-st.-prelit-ceramic-black-fountain-12.jpg",https://www.athome.com//crosby-st.-prelit-ceramic-black-fountain-12/124389775.html
"Honeybloom Prelit Owl Fountain, 14""","https://static.athome.com/images/w_200,h_200,c_pad,f_auto,fl_lossy,q_auto/p/124389778/honeybloom-prelit-owl-fountain-14.jpg",https://www.athome.com//honeybloom-prelit-owl-fountain-14/124389778.html
24In Fairy Led Fountain,"https://static.athome.com/images/w_200,h_200,c_pad,f_auto,fl_lossy,q_auto/p/124410741/24in-fairy-led-fountain.jpg",https://www.athome.com//24in-fairy-led-fountain/124410741.html
"Crosby St. Polystone Round Grey LED Fountain, 17""","https://static.athome.com/images/w_200,h_200,c_pad,f_auto,fl_lossy,q_auto/p/124389774/crosby-st.-polystone-round-grey-led-fountain-17.jpg",https://www.athome.com//crosby-st.-polystone-round-grey-led-fountain-17/124389774.html
"Tall White Outdoor Fountain, 25""","https://static.athome.com/images/w_200,h_200,c_pad,f_auto,fl_lossy,q_auto/p/124346440/tall-white-outdoor-fountain-25.jpg",https://www.athome.com//tall-white-outdoor-fountain-25/124346440.html
"Pre-Lit Rainfall Outdoor Fountain, 25""","https://static.athome.com/images/w_200,h_200,c_pad,f_auto,fl_lossy,q_auto/p/124389769/pre-lit-rainfall-outdoor-fountain-25.jpg",https://www.athome.com//pre-lit-rainfall-outdoor-fountain-25/124389769.html
"Honeybloom Snail Tabletop Fountain, 8""","https://static.athome.com/images/w_200,h_200,c_pad,f_auto,fl_lossy,q_auto/p/124410478/honeybloom-snail-tabletop-fountain-8.jpg",https://www.athome.com//honeybloom-snail-tabletop-fountain-8/124410478.html
"Honeybloom Prelit Ceramic White Bird Fountain, 15""","https://static.athome.com/images/w_200,h_200,c_pad,f_auto,fl_lossy,q_auto/p/124389777/honeybloom-prelit-ceramic-white-bird-fountain-15.jpg",https://www.athome.com//honeybloom-prelit-ceramic-white-bird-fountain-15/124389777.html
"Found & Fable Ceramic Emerald Tabletop Fountain, 7'","https://static.athome.com/images/w_200,h_200,c_pad,f_auto,fl_lossy,q_auto/p/124389776/found-fable-ceramic-emerald-tabletop-fountain-7.jpg",https://www.athome.com//found-fable-ceramic-emerald-tabletop-fountain-7/124389776.html
"Mushroom House Outdoor Fountain, 15""","https://static.athome.com/images/w_200,h_200,c_pad,f_auto,fl_lossy,q_auto/p/124389768/mushroom-house-outdoor-fountain-15.jpg",https://www.athome.com//mushroom-house-outdoor-fountain-15/124389768.html
22in Halo Reactive Glaze Standing Fountain with Light -Blue,"https://static.athome.com/images/w_200,h_200,c_pad,f_auto,fl_lossy,q_auto/p/125000719/22in-halo-reactive-glaze-standing-fountain-with-light--blue.jpg",https://www.athome.com//22in-halo-reactive-glaze-standing-fountain-with-light--blue/125000719.html
12In 3 Tier Lit Water Fountain,"https://static.athome.com/images/w_200,h_200,c_pad,f_auto,fl_lossy,q_auto/p/124410713/12in-3-tier-lit-water-fountain.jpg",https://www.athome.com//12in-3-tier-lit-water-fountain/124410713.html
12In Grey Resin Water Fountain,"https://static.athome.com/images/w_200,h_200,c_pad,f_auto,fl_lossy,q_auto/p/124410712/12in-grey-resin-water-fountain.jpg",https://www.athome.com//12in-grey-resin-water-fountain/124410712.html
"Honeybloom Pre-Lit Acorn Ceramic Outdoor Fountain, 20""","https://static.athome.com/images/w_200,h_200,c_pad,f_auto,fl_lossy,q_auto/p/124368974/honeybloom-pre-lit-acorn-ceramic-outdoor-fountain-20.jpg",https://www.athome.com//honeybloom-pre-lit-acorn-ceramic-outdoor-fountain-20/124368974.html
20IN Gnome Lit Fountain,"https://static.athome.com/images/w_200,h_200,c_pad,f_auto,fl_lossy,q_auto/p/124410477/20in-gnome-lit-fountain.jpg",https://www.athome.com//20in-gnome-lit-fountain/124410477.html
"Crosby St. 3-Tier LED Modern Fountain, 20""","https://static.athome.com/images/w_200,h_200,c_pad,f_auto,fl_lossy,q_auto/p/124410740/crosby-st.-3-tier-led-modern-fountain-20.jpg",https://www.athome.com//crosby-st.-3-tier-led-modern-fountain-20/124410740.html
"Pre-Lit Blue Ceramic Outdoor Fountain, 22""","https://static.athome.com/images/w_200,h_200,c_pad,f_auto,fl_lossy,q_auto/p/124321749/pre-lit-blue-ceramic-outdoor-fountain-22.jpg",https://www.athome.com//pre-lit-blue-ceramic-outdoor-fountain-22/124321749.html
"Honeybloom Pre-Lit Patina Owl Outdoor Fountain, 25.5""","https://static.athome.com/images/w_200,h_200,c_pad,f_auto,fl_lossy,q_auto/p/124368977/honeybloom-pre-lit-patina-owl-outdoor-fountain-25.5.jpg",https://www.athome.com//honeybloom-pre-lit-patina-owl-outdoor-fountain-25.5/124368977.html
19In Resin Rock Fountain Led,"https://static.athome.com/images/w_200,h_200,c_pad,f_auto,fl_lossy,q_auto/p/124410739/19in-resin-rock-fountain-led.jpg",https://www.athome.com//19in-resin-rock-fountain-led/124410739.html
"3-Tier Modern Tapered Fountain, 22x27","https://static.athome.com/images/w_200,h_200,c_pad,f_auto,fl_lossy,q_auto/p/124321742/3-tier-modern-tapered-fountain-22x27.jpg",https://www.athome.com//3-tier-modern-tapered-fountain-22x27/124321742.html
